segment,audio,model,human_ref,model_output,standard_wer,lattice_wer,improvement,helped,n_corrections
0,ng_audio_for_josh/bcmk_TR/hindi/ch_1726922_866.16_868.20.wav,model_H,वही अपना खेती बाड़ी और क्या,वही अपना खेती बाड़ी और क्या,0.0,0.0,0.0,False,0
0,ng_audio_for_josh/bcmk_TR/hindi/ch_1726922_866.16_868.20.wav,model_i,वही अपना खेती बाड़ी और क्या,वही अपना खेती बाड़ी और क्या,0.1667,0.0,0.1667,True,0
0,ng_audio_for_josh/bcmk_TR/hindi/ch_1726922_866.16_868.20.wav,model_k,वही अपना खेती बाड़ी और क्या,वही अपना खेती बाड़ी और क्या?,0.0,0.0,0.0,False,0
0,ng_audio_for_josh/bcmk_TR/hindi/ch_1726922_866.16_868.20.wav,model_l,वही अपना खेती बाड़ी और क्या,वही अपना खेती बाड़ी और क्या,0.0,0.0,0.0,False,0
0,ng_audio_for_josh/bcmk_TR/hindi/ch_1726922_866.16_868.20.wav,model_m,वही अपना खेती बाड़ी और क्या,वही अपना खेतीबाड़ी और क्या,0.3333,0.1667,0.1667,True,0
0,ng_audio_for_josh/bcmk_TR/hindi/ch_1726922_866.16_868.20.wav,model_n,वही अपना खेती बाड़ी और क्या,वही अपना खेती बाड़ी और क्या,0.0,0.0,0.0,False,0
1,ting_audio_for_josh/bcmk_TR/hindi/ch_2052946_52.62_54.36.wav,model_H,मौनता का अर्थ क्या होता है,मौनता का अर्थ क्या होता है,0.0,0.0,0.0,False,0
1,ting_audio_for_josh/bcmk_TR/hindi/ch_2052946_52.62_54.36.wav,model_i,मौनता का अर्थ क्या होता है,मौनता का अर्थ क्या होता है?,0.0,0.0,0.0,False,0
1,ting_audio_for_josh/bcmk_TR/hindi/ch_2052946_52.62_54.36.wav,model_k,मौनता का अर्थ क्या होता है,मौन तागार थके होतई।,1.0,0.3333,0.6667,True,0
1,ting_audio_for_josh/bcmk_TR/hindi/ch_2052946_52.62_54.36.wav,model_l,मौनता का अर्थ क्या होता है,मोनता का अर्थ है क्या होता है,0.3333,0.1667,0.1667,True,0
1,ting_audio_for_josh/bcmk_TR/hindi/ch_2052946_52.62_54.36.wav,model_m,मौनता का अर्थ क्या होता है,मोन ताका हर थक्या होताहए,1.0,0.1667,0.8333,True,0
1,ting_audio_for_josh/bcmk_TR/hindi/ch_2052946_52.62_54.36.wav,model_n,मौनता का अर्थ क्या होता है,मौनता का हर थका होता है,0.3333,0.0,0.3333,True,0
2,ng_audio_for_josh/bcmk_TR/hindi/ch_2054042_186.66_189.27.wav,model_H,और रक्षाबंधन पे चलो बहनों को,और रक्षाबंधन पे चलो बहनों को,0.0,0.0,0.0,False,0
2,ng_audio_for_josh/bcmk_TR/hindi/ch_2054042_186.66_189.27.wav,model_i,और रक्षाबंधन पे चलो बहनों को,और रक्षाबंधन पे चलो बहनों को --,0.0,0.0,0.0,False,0
2,ng_audio_for_josh/bcmk_TR/hindi/ch_2054042_186.66_189.27.wav,model_k,और रक्षाबंधन पे चलो बहनों को,और रक्षाबंधन पे चलो बहनों को?,0.0,0.0,0.0,False,0
2,ng_audio_for_josh/bcmk_TR/hindi/ch_2054042_186.66_189.27.wav,model_l,और रक्षाबंधन पे चलो बहनों को,और रक्षाबंधन पे चलो बहनों को,0.0,0.0,0.0,False,0
2,ng_audio_for_josh/bcmk_TR/hindi/ch_2054042_186.66_189.27.wav,model_m,और रक्षाबंधन पे चलो बहनों को,और रक्षा बंधन पे चलो बहनों को,0.3333,0.1667,0.1667,True,0
2,ng_audio_for_josh/bcmk_TR/hindi/ch_2054042_186.66_189.27.wav,model_n,और रक्षाबंधन पे चलो बहनों को,और रक्षा बंधन पे चलो बहनों को,0.3333,0.1667,0.1667,True,0
3,ng_audio_for_josh/bcmk_TR/hindi/ch_2059414_678.27_680.07.wav,model_H,एक सिंपल और सादा वे में,एक सिंपल और सादा वे में,0.0,0.0,0.0,False,0
3,ng_audio_for_josh/bcmk_TR/hindi/ch_2059414_678.27_680.07.wav,model_i,एक सिंपल और सादा वे में,एक सिंपल और सादा वे में।,0.0,0.0,0.0,False,0
3,ng_audio_for_josh/bcmk_TR/hindi/ch_2059414_678.27_680.07.wav,model_k,एक सिंपल और सादा वे में,एक सिंपल और सादा वे में?,0.0,0.0,0.0,False,0
3,ng_audio_for_josh/bcmk_TR/hindi/ch_2059414_678.27_680.07.wav,model_l,एक सिंपल और सादा वे में,एक सिंपल और सादावे में,0.3333,0.1667,0.1667,True,0
3,ng_audio_for_josh/bcmk_TR/hindi/ch_2059414_678.27_680.07.wav,model_m,एक सिंपल और सादा वे में,एक सिंपल और सादा वे में,0.0,0.0,0.0,False,0
3,ng_audio_for_josh/bcmk_TR/hindi/ch_2059414_678.27_680.07.wav,model_n,एक सिंपल और सादा वे में,एक सिंपल और सादा वे में,0.0,0.0,0.0,False,0
4,ing_audio_for_josh/bcmk_TR/hindi/ch_292958_499.83_502.32.wav,model_H,आने वाली चुनौतियों  का इंतजार करना,आने वाली चुनौतियों का इंतजार करना,0.0,0.0,0.0,False,0
4,ing_audio_for_josh/bcmk_TR/hindi/ch_292958_499.83_502.32.wav,model_i,आने वाली चुनौतियों  का इंतजार करना,आने वाली चुनौतियों का इंतजार करना।,0.0,0.0,0.0,False,0
4,ing_audio_for_josh/bcmk_TR/hindi/ch_292958_499.83_502.32.wav,model_k,आने वाली चुनौतियों  का इंतजार करना,आने वाली चुनौतियों का इंतजार करना?,0.0,0.0,0.0,False,0
4,ing_audio_for_josh/bcmk_TR/hindi/ch_292958_499.83_502.32.wav,model_l,आने वाली चुनौतियों  का इंतजार करना,आने वाली चुनौतियों का इंतजार करना,0.0,0.0,0.0,False,0
4,ing_audio_for_josh/bcmk_TR/hindi/ch_292958_499.83_502.32.wav,model_m,आने वाली चुनौतियों  का इंतजार करना,आने वाली चुनौतियों का इंतजार करना,0.0,0.0,0.0,False,0
4,ing_audio_for_josh/bcmk_TR/hindi/ch_292958_499.83_502.32.wav,model_n,आने वाली चुनौतियों  का इंतजार करना,आने वाली चुनौतियों का इंतजार करना,0.0,0.0,0.0,False,0
5,ting_audio_for_josh/bcmk_TR/hindi/ch_41359_476.04_478.23.wav,model_H,अचानक आई मुश्किलों का सामना करना,अचानक आई मुश्किलों का सामना करना,0.0,0.0,0.0,False,0
5,ting_audio_for_josh/bcmk_TR/hindi/ch_41359_476.04_478.23.wav,model_i,अचानक आई मुश्किलों का सामना करना,अचानक आई मुश्किलों का सामना करना,0.0,0.0,0.0,False,0
5,ting_audio_for_josh/bcmk_TR/hindi/ch_41359_476.04_478.23.wav,model_k,अचानक आई मुश्किलों का सामना करना,अचानक आई मुश्किलों का सामना करना।,0.0,0.0,0.0,False,0
5,ting_audio_for_josh/bcmk_TR/hindi/ch_41359_476.04_478.23.wav,model_l,अचानक आई मुश्किलों का सामना करना,अचानक आई मुश्किलों का सामना करना,0.0,0.0,0.0,False,0
5,ting_audio_for_josh/bcmk_TR/hindi/ch_41359_476.04_478.23.wav,model_m,अचानक आई मुश्किलों का सामना करना,अچانक आی مुश्कلوں का सاमنा करنा,0.8333,0.0,0.8333,True,0
5,ting_audio_for_josh/bcmk_TR/hindi/ch_41359_476.04_478.23.wav,model_n,अचानक आई मुश्किलों का सामना करना,अचानक आई मुश्किलों का सामना करना है,0.1667,0.1667,0.0,False,0
6,ing_audio_for_josh/bcmk_TR/hindi/ch_439044_464.37_466.47.wav,model_H,सर आपकी इच्छा जय सियाराम,सर आपकी इच्छा जय श्री आराम,0.4,0.2,0.2,True,0
6,ing_audio_for_josh/bcmk_TR/hindi/ch_439044_464.37_466.47.wav,model_i,सर आपकी इच्छा जय सियाराम,सर आपकी इच्छा जय सियाराम,0.0,0.0,0.0,False,0
6,ing_audio_for_josh/bcmk_TR/hindi/ch_439044_464.37_466.47.wav,model_k,सर आपकी इच्छा जय सियाराम,sir आपकी इच्छा। जय सिया राम!,0.6,0.2,0.4,True,0
6,ing_audio_for_josh/bcmk_TR/hindi/ch_439044_464.37_466.47.wav,model_l,सर आपकी इच्छा जय सियाराम,सर आपकी इच्छा जय शिय राम,0.4,0.2,0.2,True,0
6,ing_audio_for_josh/bcmk_TR/hindi/ch_439044_464.37_466.47.wav,model_m,सर आपकी इच्छा जय सियाराम,सर आपकी इच्छा जैसी आराम,0.4,0.0,0.4,True,0
6,ing_audio_for_josh/bcmk_TR/hindi/ch_439044_464.37_466.47.wav,model_n,सर आपकी इच्छा जय सियाराम,सर आपकी इच्छा जय सी आराम,0.4,0.2,0.2,True,0
7,g_audio_for_josh/bcmk_TR/hindi/ch_487624_1037.94_1041.27.wav,model_H,जी फीडबैक मिलने  पर सुधार करना,जी फीडबैक मिलने पर सुधार करना,0.0,0.0,0.0,False,0
7,g_audio_for_josh/bcmk_TR/hindi/ch_487624_1037.94_1041.27.wav,model_i,जी फीडबैक मिलने  पर सुधार करना,जी फीडबैक मिलने पर सुधार करना,0.0,0.0,0.0,False,0
7,g_audio_for_josh/bcmk_TR/hindi/ch_487624_1037.94_1041.27.wav,model_k,जी फीडबैक मिलने  पर सुधार करना,जी feedback मिलने पर सुधार करना।,0.1667,0.0,0.1667,True,0
7,g_audio_for_josh/bcmk_TR/hindi/ch_487624_1037.94_1041.27.wav,model_l,जी फीडबैक मिलने  पर सुधार करना,ज फिडबऐक मिलने पर सुधार करना,0.3333,0.0,0.3333,True,0
7,g_audio_for_josh/bcmk_TR/hindi/ch_487624_1037.94_1041.27.wav,model_m,जी फीडबैक मिलने  पर सुधार करना,जी फीडबैक मिलने पर सुधार करना,0.0,0.0,0.0,False,0
7,g_audio_for_josh/bcmk_TR/hindi/ch_487624_1037.94_1041.27.wav,model_n,जी फीडबैक मिलने  पर सुधार करना,फीडबैक मिलने पर सुधार करना,0.1667,0.1667,0.0,False,0
8,ing_audio_for_josh/bcmk_TR/hindi/ch_549122_687.60_689.40.wav,model_H,जो एक महत्वपूर्ण भूमिका निभाते हैं,जो एक महत्वपूर्ण भूमिका निभाते हैं,0.0,0.0,0.0,False,0
8,ing_audio_for_josh/bcmk_TR/hindi/ch_549122_687.60_689.40.wav,model_i,जो एक महत्वपूर्ण भूमिका निभाते हैं,जो एक महत्वपूर्ण भूमिका निभाते हैं।,0.0,0.0,0.0,False,0
8,ing_audio_for_josh/bcmk_TR/hindi/ch_549122_687.60_689.40.wav,model_k,जो एक महत्वपूर्ण भूमिका निभाते हैं,जो एक महत्वपूर्ण भूमिका निभाते हैं।,0.0,0.0,0.0,False,0
8,ing_audio_for_josh/bcmk_TR/hindi/ch_549122_687.60_689.40.wav,model_l,जो एक महत्वपूर्ण भूमिका निभाते हैं,जो एक महत्वपूर्ण भूमिका निभाते हैं,0.0,0.0,0.0,False,0
8,ing_audio_for_josh/bcmk_TR/hindi/ch_549122_687.60_689.40.wav,model_m,जो एक महत्वपूर्ण भूमिका निभाते हैं,जो एक मह्त्वपूर्ण भूमिका निभाते हैं,0.1667,0.0,0.1667,True,0
8,ing_audio_for_josh/bcmk_TR/hindi/ch_549122_687.60_689.40.wav,model_n,जो एक महत्वपूर्ण भूमिका निभाते हैं,जो एक महत्वपूर्ण भूमिका निभाते हैं,0.0,0.0,0.0,False,0
9,sting_audio_for_josh/bcmk_TR/hindi/ch_580286_74.16_76.35.wav,model_H,जीवन की चुनौतियों का सामना करना,जीवन की चुनौतियों का सामना करना,0.0,0.0,0.0,False,0
9,sting_audio_for_josh/bcmk_TR/hindi/ch_580286_74.16_76.35.wav,model_i,जीवन की चुनौतियों का सामना करना,जीवन की चुनौतियों का सामना करना।,0.0,0.0,0.0,False,0
9,sting_audio_for_josh/bcmk_TR/hindi/ch_580286_74.16_76.35.wav,model_k,जीवन की चुनौतियों का सामना करना,जीवन की चुनौतियों का सामना करना।,0.0,0.0,0.0,False,0
9,sting_audio_for_josh/bcmk_TR/hindi/ch_580286_74.16_76.35.wav,model_l,जीवन की चुनौतियों का सामना करना,जीवन की चुनौतियों का सामना करना,0.0,0.0,0.0,False,0
9,sting_audio_for_josh/bcmk_TR/hindi/ch_580286_74.16_76.35.wav,model_m,जीवन की चुनौतियों का सामना करना,जीवन की चुनौतियों का सामना करना,0.0,0.0,0.0,False,0
9,sting_audio_for_josh/bcmk_TR/hindi/ch_580286_74.16_76.35.wav,model_n,जीवन की चुनौतियों का सामना करना,जीवन की चुनौतियों का सामना करना,0.0,0.0,0.0,False,0
10,ing_audio_for_josh/bcmk_TR/hindi/ch_696260_203.52_205.56.wav,model_H,हम्म बहुत प्योर हार्ट रहता है सबका,बहुत प्योर हार्ट रहता है सबका,0.1429,0.1429,0.0,False,1
10,ing_audio_for_josh/bcmk_TR/hindi/ch_696260_203.52_205.56.wav,model_i,हम्म बहुत प्योर हार्ट रहता है सबका,हम्म बहुत प्योर हार्ट रहता है सबका।,0.0,0.0,0.0,False,1
10,ing_audio_for_josh/bcmk_TR/hindi/ch_696260_203.52_205.56.wav,model_k,हम्म बहुत प्योर हार्ट रहता है सबका,बहुत pure heart रहता है सबका।,0.4286,0.1429,0.2857,True,1
10,ing_audio_for_josh/bcmk_TR/hindi/ch_696260_203.52_205.56.wav,model_l,हम्म बहुत प्योर हार्ट रहता है सबका,बहुत पूरे हार्ट रहता है सबका,0.2857,0.1429,0.1429,True,1
10,ing_audio_for_josh/bcmk_TR/hindi/ch_696260_203.52_205.56.wav,model_m,हम्म बहुत प्योर हार्ट रहता है सबका,बहुत प्योर हाट रहता है सबका,0.2857,0.1429,0.1429,True,1
10,ing_audio_for_josh/bcmk_TR/hindi/ch_696260_203.52_205.56.wav,model_n,हम्म बहुत प्योर हार्ट रहता है सबका,बहुत प्योर हार्ट रहता है सबका,0.1429,0.1429,0.0,False,1
11,ting_audio_for_josh/bcmk_TR/hindi/ch_88116_190.50_193.14.wav,model_H,पूजा और प्रार्थना में  शामिल होना,पूजा और प्रार्थना में शामिल होना,0.0,0.0,0.0,False,0
11,ting_audio_for_josh/bcmk_TR/hindi/ch_88116_190.50_193.14.wav,model_i,पूजा और प्रार्थना में  शामिल होना,पूजा और प्रार्थना में शामिल होना,0.0,0.0,0.0,False,0
11,ting_audio_for_josh/bcmk_TR/hindi/ch_88116_190.50_193.14.wav,model_k,पूजा और प्रार्थना में  शामिल होना,पूजा और प्रार्थना में शामिल होना?,0.0,0.0,0.0,False,0
11,ting_audio_for_josh/bcmk_TR/hindi/ch_88116_190.50_193.14.wav,model_l,पूजा और प्रार्थना में  शामिल होना,पूजा और प्रार्थना में शामिल होना,0.0,0.0,0.0,False,0
11,ting_audio_for_josh/bcmk_TR/hindi/ch_88116_190.50_193.14.wav,model_m,पूजा और प्रार्थना में  शामिल होना,पूजा और पर्यार्थना में शामिल होना,0.1667,0.0,0.1667,True,0
11,ting_audio_for_josh/bcmk_TR/hindi/ch_88116_190.50_193.14.wav,model_n,पूजा और प्रार्थना में  शामिल होना,पूजा और प्रार्थना में शामिल होना,0.0,0.0,0.0,False,0
12,ng_audio_for_josh/bcmk_TR/hindi/ch_1538598_420.96_433.47.wav,model_H,डिश बनाते हैं वो ट्रेडिशनल डिशेस बनाते हैं तो कुछ कुछ अपन भी वैसे ही है ना अपन भ,डिश बनाते हैं वो ट्रेडिशनल डिशेस बनाते हैं तो कुछ कुछ अपन भी वैसे ही है ना अपन भ,0.0,0.0,0.0,False,0
12,ng_audio_for_josh/bcmk_TR/hindi/ch_1538598_420.96_433.47.wav,model_i,डिश बनाते हैं वो ट्रेडिशनल डिशेस बनाते हैं तो कुछ कुछ अपन भी वैसे ही है ना अपन भ,डिश बनाते हैं वो ट्रेडिशनल डिशेस बनाते हैं तो कुछ कुछ अपन भी वैसे ही है ना अपन भ,0.0,0.0,0.0,False,0
12,ng_audio_for_josh/bcmk_TR/hindi/ch_1538598_420.96_433.47.wav,model_k,डिश बनाते हैं वो ट्रेडिशनल डिशेस बनाते हैं तो कुछ कुछ अपन भी वैसे ही है ना अपन भ,"डिश बनाते हैं, वो ट्रेडिशनल डिशेस बनाते हैं तो कुछ कुछ अपन भी वैसे ही है ना। अपन",0.0,0.0,0.0,False,0
12,ng_audio_for_josh/bcmk_TR/hindi/ch_1538598_420.96_433.47.wav,model_l,डिश बनाते हैं वो ट्रेडिशनल डिशेस बनाते हैं तो कुछ कुछ अपन भी वैसे ही है ना अपन भ,दिश बनाते है वो ट्रेडिशनल दिशेस बनाते है तो कुछ कुछ अपन भी वैसे ही है ना अपन भी ,0.0465,0.0,0.0465,True,0
12,ng_audio_for_josh/bcmk_TR/hindi/ch_1538598_420.96_433.47.wav,model_m,डिश बनाते हैं वो ट्रेडिशनल डिशेस बनाते हैं तो कुछ कुछ अपन भी वैसे ही है ना अपन भ,डिश बनाते हैं वो ट्रेडिशनल डिशस बनाते हैं तो कुछ कुछ अपन भी वैसे ही है ना अपन भी,0.093,0.0233,0.0698,True,0
12,ng_audio_for_josh/bcmk_TR/hindi/ch_1538598_420.96_433.47.wav,model_n,डिश बनाते हैं वो ट्रेडिशनल डिशेस बनाते हैं तो कुछ कुछ अपन भी वैसे ही है ना अपन भ,डिश बनाते हैं वो ट्रेडिशनल डिशेस बनाते हैं तो कुछ कुछ अपन भी वैसे ही है ना अपन भ,0.0233,0.0233,0.0,False,0
13,ng_audio_for_josh/bcmk_TR/hindi/ch_1669398_336.42_346.86.wav,model_H,जी ऐसा ना हो कि उन्होंने टाइट कपड़े पहन लिए बाद में दौड़ भी नहीं पा रहे और शरीर ,जी ऐसा ना हो कि उन्होंने टाइट कपड़े पहन लिए बाद में दौड़ भी नहीं पा रहे और शरीर ,0.093,0.0,0.093,True,1
13,ng_audio_for_josh/bcmk_TR/hindi/ch_1669398_336.42_346.86.wav,model_i,जी ऐसा ना हो कि उन्होंने टाइट कपड़े पहन लिए बाद में दौड़ भी नहीं पा रहे और शरीर ,जी ऐसा ना हो कि उन्होंने टाइट कपड़े पहन लिए बाद में दौड़ भी नहीं पा रहे और शरीर ,0.0,0.0,0.0,False,1
13,ng_audio_for_josh/bcmk_TR/hindi/ch_1669398_336.42_346.86.wav,model_k,जी ऐसा ना हो कि उन्होंने टाइट कपड़े पहन लिए बाद में दौड़ भी नहीं पा रहे और शरीर ,"जी ऐसा ना हो कि उन्होंने टाइट कपड़े पहन लिए, बाद में दौड़ भी नहीं पा रहे और शरीर",0.0465,0.0,0.0465,True,1
13,ng_audio_for_josh/bcmk_TR/hindi/ch_1669398_336.42_346.86.wav,model_l,जी ऐसा ना हो कि उन्होंने टाइट कपड़े पहन लिए बाद में दौड़ भी नहीं पा रहे और शरीर ,जी ऐसा ना हो की उन्होंने तिइड कपड़े पहन लिए बाद में दौड़ भी नहीं पा रहे और शरीर ,0.1163,0.0,0.1163,True,1
13,ng_audio_for_josh/bcmk_TR/hindi/ch_1669398_336.42_346.86.wav,model_m,जी ऐसा ना हो कि उन्होंने टाइट कपड़े पहन लिए बाद में दौड़ भी नहीं पा रहे और शरीर ,जी ऐसा ना हो कि उन्होंने टाइड कपड़े पहने लिए बाद में धोड़ भी नहीं पा रहे शरीर मे,0.1628,0.0233,0.1395,True,1
13,ng_audio_for_josh/bcmk_TR/hindi/ch_1669398_336.42_346.86.wav,model_n,जी ऐसा ना हो कि उन्होंने टाइट कपड़े पहन लिए बाद में दौड़ भी नहीं पा रहे और शरीर ,जी ऐसा ना हो की उन्होंने टाइट कपड़े पहन लिए बाद में दौड़ भी नहीं पा रहे और शरीर ,0.1395,0.0233,0.1163,True,1
14,ng_audio_for_josh/bcmk_TR/hindi/ch_1725602_690.72_699.39.wav,model_H,पहले सब्ज़ी मार्केट तक जाना था सब ऐसे ही जाते थे कौन सा वही बात है कौन सा देते थ,पहले सब्ज़ी मार्केट तक जाना था सब ऐसे ही जाते थे कौन सा वही बात है कौन सा देते थ,0.0,0.0,0.0,False,1
14,ng_audio_for_josh/bcmk_TR/hindi/ch_1725602_690.72_699.39.wav,model_i,पहले सब्ज़ी मार्केट तक जाना था सब ऐसे ही जाते थे कौन सा वही बात है कौन सा देते थ,पहले सब्ज़ी मार्केट तक जाना था सब ऐसे ही जाते थे कौन सा वही बात है कौन सा देते थ,0.0,0.0,0.0,False,1
14,ng_audio_for_josh/bcmk_TR/hindi/ch_1725602_690.72_699.39.wav,model_k,पहले सब्ज़ी मार्केट तक जाना था सब ऐसे ही जाते थे कौन सा वही बात है कौन सा देते थ,"पहले सब्जी मार्केट तक जाना था, सब ऐसे ही जाते थे। कौन सा वही बात है, कौन सा देते",0.027,0.0,0.027,True,1
14,ng_audio_for_josh/bcmk_TR/hindi/ch_1725602_690.72_699.39.wav,model_l,पहले सब्ज़ी मार्केट तक जाना था सब ऐसे ही जाते थे कौन सा वही बात है कौन सा देते थ,पहले सब्जी मार्केट तक जाना था सब ऐसे ही जाते थे कौन सा वही बात है कौन सा देते थे,0.0541,0.0,0.0541,True,1
14,ng_audio_for_josh/bcmk_TR/hindi/ch_1725602_690.72_699.39.wav,model_m,पहले सब्ज़ी मार्केट तक जाना था सब ऐसे ही जाते थे कौन सा वही बात है कौन सा देते थ,पहले सब्जी मार्केट तक जाना था सब ऐसे ही जाते थे कौन सा वही बात है कौन सा देते थे,0.1081,0.0,0.1081,True,1
14,ng_audio_for_josh/bcmk_TR/hindi/ch_1725602_690.72_699.39.wav,model_n,पहले सब्ज़ी मार्केट तक जाना था सब ऐसे ही जाते थे कौन सा वही बात है कौन सा देते थ,पहले सब्जी मार्केट तक जाना था सब ऐसे ही जाते थे कौन सा वही बात है कौन सा देते थे,0.0541,0.0,0.0541,True,1
15,ng_audio_for_josh/bcmk_TR/hindi/ch_1597583_323.52_331.38.wav,model_H,जब जैसे जैसे समझदारी आती है कि हम उनके साथ कैसा बिहेव किए उस समय अब ऐसा नहीं करन,जब जैसे जैसे समझदारी आती है कि हम उनके साथ कैसा बिहेव किए उस समय अब नरेशा नहीं क,0.0455,0.0,0.0455,True,0
15,ng_audio_for_josh/bcmk_TR/hindi/ch_1597583_323.52_331.38.wav,model_i,जब जैसे जैसे समझदारी आती है कि हम उनके साथ कैसा बिहेव किए उस समय अब ऐसा नहीं करन,जब जैसे जैसे समझदारी आती है कि हम उनके साथ कैसा बिहेव किए उस समय अब ऐसा नहीं करन,0.0,0.0,0.0,False,0
15,ng_audio_for_josh/bcmk_TR/hindi/ch_1597583_323.52_331.38.wav,model_k,जब जैसे जैसे समझदारी आती है कि हम उनके साथ कैसा बिहेव किए उस समय अब ऐसा नहीं करन,"जब जैसे-जैसे समझदारी आती है कि हम उनके साथ कैसा बिहेव किए, उस समय और ऐसा नहीं कर",0.0455,0.0,0.0455,True,0
15,ng_audio_for_josh/bcmk_TR/hindi/ch_1597583_323.52_331.38.wav,model_l,जब जैसे जैसे समझदारी आती है कि हम उनके साथ कैसा बिहेव किए उस समय अब ऐसा नहीं करन,जब जैसे जैसे समझदारी आती है कि हम उनके साथ कैसा बिहव किए उस समय आब नऐसा नहीं करन,0.1364,0.0,0.1364,True,0
15,ng_audio_for_josh/bcmk_TR/hindi/ch_1597583_323.52_331.38.wav,model_m,जब जैसे जैसे समझदारी आती है कि हम उनके साथ कैसा बिहेव किए उस समय अब ऐसा नहीं करन,जब जैसे-जैसे समझदारी आती है कि हम उनके साथ कैसा विहब किए उस सम आर नैसा नहीं करना,0.1818,0.0,0.1818,True,0
15,ng_audio_for_josh/bcmk_TR/hindi/ch_1597583_323.52_331.38.wav,model_n,जब जैसे जैसे समझदारी आती है कि हम उनके साथ कैसा बिहेव किए उस समय अब ऐसा नहीं करन,जब जैसे-जैसे समझदारी आती है कि हम उनके साथ कैसा विहब किए उस समय अब नैसा नहीं करन,0.0909,0.0,0.0909,True,0
16,ting_audio_for_josh/bcmk_TR/hindi/ch_1539708_53.28_68.01.wav,model_H,बंद हो जाता है तो इन सब से इन सब का एक ही उपाय होता है कई अन्य जगह पर घूमने जाना,बंद हो जाता है तो इन सब से इन सब का एक ही उपाय होता है कई अन्य जगह पर घूमने जाना,0.0222,0.0,0.0222,True,21
16,ting_audio_for_josh/bcmk_TR/hindi/ch_1539708_53.28_68.01.wav,model_i,बंद हो जाता है तो इन सब से इन सब का एक ही उपाय होता है कई अन्य जगह पर घूमने जाना,बंद हो जाता है तो इन सब से इन सब का एक ही उपाय होता है कई अन्य जगह पर घूमने जाना,0.0,0.0,0.0,False,21
16,ting_audio_for_josh/bcmk_TR/hindi/ch_1539708_53.28_68.01.wav,model_k,बंद हो जाता है तो इन सब से इन सब का एक ही उपाय होता है कई अन्य जगह पर घूमने जाना,"बंद हो जाता है तो इन सबसे, इन सबका एक ही उपाय होता है। कई अन्य जगह पर घूमने जाना",0.0889,0.0444,0.0444,True,21
16,ting_audio_for_josh/bcmk_TR/hindi/ch_1539708_53.28_68.01.wav,model_l,बंद हो जाता है तो इन सब से इन सब का एक ही उपाय होता है कई अन्य जगह पर घूमने जाना,बंद हो जाता है तो इन सबसे इन सबका एक ही उपाय होता है कहीं अन्य जगह पर घूमने जाना,0.1333,0.0444,0.0889,True,21
16,ting_audio_for_josh/bcmk_TR/hindi/ch_1539708_53.28_68.01.wav,model_m,बंद हो जाता है तो इन सब से इन सब का एक ही उपाय होता है कई अन्य जगह पर घूमने जाना,बंद हो जाता है तो इन सबसे इन सबका एक ही उपाय होता है कई अन्य जगह पर घूमने जाना य,0.1111,0.0444,0.0667,True,21
16,ting_audio_for_josh/bcmk_TR/hindi/ch_1539708_53.28_68.01.wav,model_n,बंद हो जाता है तो इन सब से इन सब का एक ही उपाय होता है कई अन्य जगह पर घूमने जाना,बंद हो जाता है तो इन सबसे इन सबका एक ही उपाय होता है कई अन्य जगह पर घूमने जाना य,0.0889,0.0444,0.0444,True,21
17,ting_audio_for_josh/bcmk_TR/hindi/ch_82714_160.47_173.70.wav,model_H,एक दिन पहले या उसी दिन चतुर्थी के दिन लोग उसको लेकर आते हैं मूर्ति को थोड़ा सा फ,एक दिन पहले या उसी दिन चतुर्थी के दिन लोग उसको लेकर आते हैं मूर्ति को थोड़ा सा फ,0.0,0.0,0.0,False,0
17,ting_audio_for_josh/bcmk_TR/hindi/ch_82714_160.47_173.70.wav,model_i,एक दिन पहले या उसी दिन चतुर्थी के दिन लोग उसको लेकर आते हैं मूर्ति को थोड़ा सा फ,एक दिन पहले या उसी दिन चतुर्थी के दिन लोग उसको लेकर आते हैं मूर्ति को थोड़ा सा फ,0.0,0.0,0.0,False,0
17,ting_audio_for_josh/bcmk_TR/hindi/ch_82714_160.47_173.70.wav,model_k,एक दिन पहले या उसी दिन चतुर्थी के दिन लोग उसको लेकर आते हैं मूर्ति को थोड़ा सा फ,एक दिन पहले या उसी दिन चतुर्थी के दिन लोग उसको लेकर आते हैं। अ मूर्ति को थोड़ा स,0.0889,0.0,0.0889,True,0
17,ting_audio_for_josh/bcmk_TR/hindi/ch_82714_160.47_173.70.wav,model_l,एक दिन पहले या उसी दिन चतुर्थी के दिन लोग उसको लेकर आते हैं मूर्ति को थोड़ा सा फ,एक दिन पहले या उसी दिन चतुर्थी के दिन लोग उसको लेकर आते हैं मूर्ति को थोड़ा सा फ,0.0,0.0,0.0,False,0
17,ting_audio_for_josh/bcmk_TR/hindi/ch_82714_160.47_173.70.wav,model_m,एक दिन पहले या उसी दिन चतुर्थी के दिन लोग उसको लेकर आते हैं मूर्ति को थोड़ा सा फ,एक दिन पहले या उसी दिन चथुरती के दिन लोग उसको लेकर आते हैं मूर्ति को थोड़ा सा फे,0.1556,0.0667,0.0889,True,0
17,ting_audio_for_josh/bcmk_TR/hindi/ch_82714_160.47_173.70.wav,model_n,एक दिन पहले या उसी दिन चतुर्थी के दिन लोग उसको लेकर आते हैं मूर्ति को थोड़ा सा फ,एक दिन पहले या उसी दिन चतुर्ती के दिन लोग उसको लेकर आते हैं मूर्ति को थोड़ा सा फ,0.0889,0.0222,0.0667,True,0
18,ng_audio_for_josh/bcmk_TR/hindi/ch_1591175_530.97_536.49.wav,model_H,विविधता और  कीमत के मामले में बाजारों की तुलना मोल से करना।,विविधता और अ कीमत के मामले में बाजारों की तुलना मोल से करना,0.0833,0.0833,0.0,False,7
18,ng_audio_for_josh/bcmk_TR/hindi/ch_1591175_530.97_536.49.wav,model_i,विविधता और  कीमत के मामले में बाजारों की तुलना मोल से करना।,विविधता और कीमत के मामले में बाजारों की तुलना मोल से करना।,0.0,0.0,0.0,False,7
18,ng_audio_for_josh/bcmk_TR/hindi/ch_1591175_530.97_536.49.wav,model_k,विविधता और  कीमत के मामले में बाजारों की तुलना मोल से करना।,विविधता और अ... कीमत के मामले में बाजारों की तुलना मॉल से करना?,0.1667,0.0833,0.0833,True,7
18,ng_audio_for_josh/bcmk_TR/hindi/ch_1591175_530.97_536.49.wav,model_l,विविधता और  कीमत के मामले में बाजारों की तुलना मोल से करना।,विविधता और अः कीमत के मामले में हजारों की तुलना मोल से करना,0.1667,0.0833,0.0833,True,7
18,ng_audio_for_josh/bcmk_TR/hindi/ch_1591175_530.97_536.49.wav,model_m,विविधता और  कीमत के मामले में बाजारों की तुलना मोल से करना।,विविधता और कीमत के ममले में बाजारों की तुलना मूल से करना,0.1667,0.0,0.1667,True,7
18,ng_audio_for_josh/bcmk_TR/hindi/ch_1591175_530.97_536.49.wav,model_n,विविधता और  कीमत के मामले में बाजारों की तुलना मोल से करना।,विविधता और कीमत के मामले में बाजारों की तुलना मोल से करना,0.0,0.0,0.0,False,7
19,ing_audio_for_josh/bcmk_TR/hindi/ch_251777_833.22_842.58.wav,model_H,हाँ और यहाँ पर सारी सुविधा है पार्किंग के लिए भी अलग से उन्होंने फ्लोर बना के रख,हाँ और यहाँ पर सारी सुविधा है पार्किंग के लिए भी अलग से उन्होंने फ्लोर बना के रख,0.0,0.0,0.0,False,1
19,ing_audio_for_josh/bcmk_TR/hindi/ch_251777_833.22_842.58.wav,model_i,हाँ और यहाँ पर सारी सुविधा है पार्किंग के लिए भी अलग से उन्होंने फ्लोर बना के रख,"हाँ और यहाँ पर सारी सुविधा है, पार्किंग के लिए भी अलग से उन्होंने फ्लोर बना के र",0.0,0.0,0.0,False,1
19,ing_audio_for_josh/bcmk_TR/hindi/ch_251777_833.22_842.58.wav,model_k,हाँ और यहाँ पर सारी सुविधा है पार्किंग के लिए भी अलग से उन्होंने फ्लोर बना के रख,"हां और यहां पर सारी सुविधाएँ हैं, पार्किंग के लिए भी अलग से उन्होंने फ्लोर बनाकर",0.2174,0.0435,0.1739,True,1
19,ing_audio_for_josh/bcmk_TR/hindi/ch_251777_833.22_842.58.wav,model_l,हाँ और यहाँ पर सारी सुविधा है पार्किंग के लिए भी अलग से उन्होंने फ्लोर बना के रख,हाँ और यहाँ पर सारी सुविधाएं पार्किंग के लिए भी अलग से उन्हने फ्लोर बना के रखा ह,0.1304,0.0435,0.087,True,1
19,ing_audio_for_josh/bcmk_TR/hindi/ch_251777_833.22_842.58.wav,model_m,हाँ और यहाँ पर सारी सुविधा है पार्किंग के लिए भी अलग से उन्होंने फ्लोर बना के रख,हा और यहां पर सारी सुविधा है पार्किंग के लिए भी अलग से उनने फ्लोर बनाकर रखा हुआ ,0.2174,0.0435,0.1739,True,1
19,ing_audio_for_josh/bcmk_TR/hindi/ch_251777_833.22_842.58.wav,model_n,हाँ और यहाँ पर सारी सुविधा है पार्किंग के लिए भी अलग से उन्होंने फ्लोर बना के रख,हां और यहां पर सारी सुविधा है पार्किंग के लिए भी अलग से उन्हें फ्लोर बना के रखा ,0.1304,0.0,0.1304,True,1
20,ting_audio_for_josh/bcmk_TR/hindi/ch_29151_299.07_312.81.wav,model_H,बाहर का वो जैसे कि आने जाने में जो स्ट्रगल रहा कि वहाँ पे जैसे गए तो रात में मतल,बाहर का वो जैसे कि आने जाने में जो स्ट्रगल रहा कि वहाँ पे जैसे गए तो रात में मतल,0.0244,0.0244,0.0,False,0
20,ting_audio_for_josh/bcmk_TR/hindi/ch_29151_299.07_312.81.wav,model_i,बाहर का वो जैसे कि आने जाने में जो स्ट्रगल रहा कि वहाँ पे जैसे गए तो रात में मतल,बाहर का वो जैसे कि आने जाने में जो स्ट्रगल रहा कि वहाँ पे जैसे गए तो रात में मतल,0.0,0.0,0.0,False,0
20,ting_audio_for_josh/bcmk_TR/hindi/ch_29151_299.07_312.81.wav,model_k,बाहर का वो जैसे कि आने जाने में जो स्ट्रगल रहा कि वहाँ पे जैसे गए तो रात में मतल,बाहर का वो जैसे कि आने जाने में जो स्ट्रगल रहा कि वहां पे जैसे गए तो रात में मतल,0.0488,0.0,0.0488,True,0
20,ting_audio_for_josh/bcmk_TR/hindi/ch_29151_299.07_312.81.wav,model_l,बाहर का वो जैसे कि आने जाने में जो स्ट्रगल रहा कि वहाँ पे जैसे गए तो रात में मतल,बाहर का वो जैसे की आने जाने में जो स्ट्र्गल रहा कि वहाँ पे जैसे गए तो रात में मत,0.0488,0.0,0.0488,True,0
20,ting_audio_for_josh/bcmk_TR/hindi/ch_29151_299.07_312.81.wav,model_m,बाहर का वो जैसे कि आने जाने में जो स्ट्रगल रहा कि वहाँ पे जैसे गए तो रात में मतल,बाहर का वो जैसे कि आने जाने में जो स्ट्रगल रहा कि वहां पे जैसे गएं तो रात में मत,0.1707,0.0488,0.122,True,0
20,ting_audio_for_josh/bcmk_TR/hindi/ch_29151_299.07_312.81.wav,model_n,बाहर का वो जैसे कि आने जाने में जो स्ट्रगल रहा कि वहाँ पे जैसे गए तो रात में मतल,बाहर का वह जैसे की आने-जाने में जो स्ट्रगल रहा की वहां पर जैसे गए तो रात में मतल,0.1707,0.0,0.1707,True,0
21,ing_audio_for_josh/bcmk_TR/hindi/ch_701191_638.49_652.05.wav,model_H,और या फिर मुस्कुरा कर कह दो कि हाँ नानी आप तो अगले महीने अब घर चल रही हैं मैं अब,और या फिर मुस्कुरा कर कहे दो कि हाँ नानी आप तो अगले महीने अब घर चल रही हैं मैं अ,0.025,0.0,0.025,True,0
21,ing_audio_for_josh/bcmk_TR/hindi/ch_701191_638.49_652.05.wav,model_i,और या फिर मुस्कुरा कर कह दो कि हाँ नानी आप तो अगले महीने अब घर चल रही हैं मैं अब,और या फिर मुस्कुरा कर कह दो कि हाँ नानी आप तो अगले महीने अब घर चल रही हैं मैं अब,0.0,0.0,0.0,False,0
21,ing_audio_for_josh/bcmk_TR/hindi/ch_701191_638.49_652.05.wav,model_k,और या फिर मुस्कुरा कर कह दो कि हाँ नानी आप तो अगले महीने अब घर चल रही हैं मैं अब,"और आप फिर मुस्कुरा कर कह दो कि हां नानी, आप तो अगले महीने अब घर चल रही हैं। मैं ",0.075,0.0,0.075,True,0
21,ing_audio_for_josh/bcmk_TR/hindi/ch_701191_638.49_652.05.wav,model_l,और या फिर मुस्कुरा कर कह दो कि हाँ नानी आप तो अगले महीने अब घर चल रही हैं मैं अब,और या फिर मुस्कुरा कर कह द कि हाँ नानी आप तो अगले महीने अब घर चल रही हैं मैं अब ,0.05,0.0,0.05,True,0
21,ing_audio_for_josh/bcmk_TR/hindi/ch_701191_638.49_652.05.wav,model_m,और या फिर मुस्कुरा कर कह दो कि हाँ नानी आप तो अगले महीने अब घर चल रही हैं मैं अब,और या फिर मुस्कुरा कर कहदो कि हां नानी आपतो अगले महीने आप घर चल रही हैं मैं आपकी,0.25,0.075,0.175,True,0
21,ing_audio_for_josh/bcmk_TR/hindi/ch_701191_638.49_652.05.wav,model_n,और या फिर मुस्कुरा कर कह दो कि हाँ नानी आप तो अगले महीने अब घर चल रही हैं मैं अब,और या फिर मुस्कुराकर कहते हैं तो कि हानानी आप तो अगले महीने अब घर चल रही हैं मैं,0.2,0.025,0.175,True,0
22,ng_audio_for_josh/bcmk_TR/hindi/ch_1545383_331.02_336.06.wav,model_H,अच्छा चलिए अच्छा हुआ आपने ये सारी इंफॉर्मेशन मुझे बता दी कि मैं अपने आगे ध्यान र,अच्छा चलिए अच्छा हुआ आपने ये सारी इंफॉर्मेशन मुझे बता दी कि मैं अपने आगे ध्यान र,0.0,0.0,0.0,False,0
22,ng_audio_for_josh/bcmk_TR/hindi/ch_1545383_331.02_336.06.wav,model_i,अच्छा चलिए अच्छा हुआ आपने ये सारी इंफॉर्मेशन मुझे बता दी कि मैं अपने आगे ध्यान र,अच्छा चलिए अच्छा हुआ आपने ये सारी इंफॉर्मेशन मुझे बता दी कि मैं अपने आगे ध्यान र,0.0,0.0,0.0,False,0
22,ng_audio_for_josh/bcmk_TR/hindi/ch_1545383_331.02_336.06.wav,model_k,अच्छा चलिए अच्छा हुआ आपने ये सारी इंफॉर्मेशन मुझे बता दी कि मैं अपने आगे ध्यान र,अच्छा चलिए अच्छा हुआ आपने ये सारी इंफॉर्मेशन मुझे बता दी कि मैं अपने आगे ध्यान र,0.0588,0.0,0.0588,True,0
22,ng_audio_for_josh/bcmk_TR/hindi/ch_1545383_331.02_336.06.wav,model_l,अच्छा चलिए अच्छा हुआ आपने ये सारी इंफॉर्मेशन मुझे बता दी कि मैं अपने आगे ध्यान र,अच्छा चलिए अच्छा हुआ आपने ये सारी इनफॉरमेशन मुझे बता दी कि मैं अपने आगे ध्यान रख,0.0588,0.0,0.0588,True,0
22,ng_audio_for_josh/bcmk_TR/hindi/ch_1545383_331.02_336.06.wav,model_m,अच्छा चलिए अच्छा हुआ आपने ये सारी इंफॉर्मेशन मुझे बता दी कि मैं अपने आगे ध्यान र,अच्छा ्चलिए अच्छा हुआ आपने यह सारी इनफॉर्मेशन मुझे बता दी कि मैं अपने आगे ध्यान ,0.2353,0.0,0.2353,True,0
22,ng_audio_for_josh/bcmk_TR/hindi/ch_1545383_331.02_336.06.wav,model_n,अच्छा चलिए अच्छा हुआ आपने ये सारी इंफॉर्मेशन मुझे बता दी कि मैं अपने आगे ध्यान र,अच्छा चलिए अच्छा हुआ आपने यह सारी इन्फॉर्मेशन मुझे बता दी की मैं अपने आगे ध्यान ,0.2353,0.0,0.2353,True,0
23,ng_audio_for_josh/bcmk_TR/hindi/ch_1605071_277.98_280.86.wav,model_H,और एक तो मतलब बारहवीं पास होने के बाद ना आप इतने होशियार भी नहीं होते हो,और एक तो मतलब बारहवीं पास होने के बाद ना आप इतने होशियार भी नहीं होते हो,0.0,0.0,0.0,False,0
23,ng_audio_for_josh/bcmk_TR/hindi/ch_1605071_277.98_280.86.wav,model_i,और एक तो मतलब बारहवीं पास होने के बाद ना आप इतने होशियार भी नहीं होते हो,और एक तो मतलब बारहवीं पास होने के बाद ना आप इतने होशियार भी नहीं होते हो।,0.0,0.0,0.0,False,0
23,ng_audio_for_josh/bcmk_TR/hindi/ch_1605071_277.98_280.86.wav,model_k,और एक तो मतलब बारहवीं पास होने के बाद ना आप इतने होशियार भी नहीं होते हो,और एक तो मतलब बारहवीं पास होने के बाद ना अब इतने होशियार भी नहीं होते हो।,0.0588,0.0,0.0588,True,0
23,ng_audio_for_josh/bcmk_TR/hindi/ch_1605071_277.98_280.86.wav,model_l,और एक तो मतलब बारहवीं पास होने के बाद ना आप इतने होशियार भी नहीं होते हो,और एक तो मतलब बारहवीं पास होने के बाद नाप इतने होशियार भी नहीं होते हो,0.1176,0.0588,0.0588,True,0
23,ng_audio_for_josh/bcmk_TR/hindi/ch_1605071_277.98_280.86.wav,model_m,और एक तो मतलब बारहवीं पास होने के बाद ना आप इतने होशियार भी नहीं होते हो,और एक तो मतलब बार्मी पास होने के बाद ना आप इतने होशियार भी नहीं होते हो,0.0588,0.0,0.0588,True,0
23,ng_audio_for_josh/bcmk_TR/hindi/ch_1605071_277.98_280.86.wav,model_n,और एक तो मतलब बारहवीं पास होने के बाद ना आप इतने होशियार भी नहीं होते हो,और एक तो मतलब बारहवीं पास होने के बाद ना आप इतने होशियार भी नहीं होते हो,0.0,0.0,0.0,False,0
24,ng_audio_for_josh/bcmk_TR/hindi/ch_1645639_304.05_310.53.wav,model_H,दूसरी जाति में तो शादी होती ही नहीं है राजस्थान में बहुत बवाल होता है देखा जाए त,दूसरी जाति में तो शादी होती ही नहीं है राजस्थान बहुत बवाल होता है देखा जाए तो,0.0556,0.0556,0.0,False,0
24,ng_audio_for_josh/bcmk_TR/hindi/ch_1645639_304.05_310.53.wav,model_i,दूसरी जाति में तो शादी होती ही नहीं है राजस्थान में बहुत बवाल होता है देखा जाए त,दूसरी जाति में तो शादी होती ही नहीं है राजस्थान में बहुत बवाल होता है देखा जाए त,0.0,0.0,0.0,False,0
24,ng_audio_for_josh/bcmk_TR/hindi/ch_1645639_304.05_310.53.wav,model_k,दूसरी जाति में तो शादी होती ही नहीं है राजस्थान में बहुत बवाल होता है देखा जाए त,"दूसरी जाति में तो शादी होती ही नहीं है। राजस्थान में बहुत बवाल होता है, देखा जाए",0.0,0.0,0.0,False,0
24,ng_audio_for_josh/bcmk_TR/hindi/ch_1645639_304.05_310.53.wav,model_l,दूसरी जाति में तो शादी होती ही नहीं है राजस्थान में बहुत बवाल होता है देखा जाए त,दूसरी जाती म तो शादी होती ही नहीं है राजस्थान में बहुत बवाल होता है देखा जाए तो,0.1111,0.0,0.1111,True,0
24,ng_audio_for_josh/bcmk_TR/hindi/ch_1645639_304.05_310.53.wav,model_m,दूसरी जाति में तो शादी होती ही नहीं है राजस्थान में बहुत बवाल होता है देखा जाए त,दूसरी जाति में तो शादी होती ही नहीं है राजस्थान मे बहुत बवाल होता है देखा जायए त,0.1111,0.0,0.1111,True,0
24,ng_audio_for_josh/bcmk_TR/hindi/ch_1645639_304.05_310.53.wav,model_n,दूसरी जाति में तो शादी होती ही नहीं है राजस्थान में बहुत बवाल होता है देखा जाए त,दूसरी जाति में तो शादी होती ही नहीं राजस्थान बहुत बवाल होता है देखा जाए तो,0.1111,0.1111,0.0,False,0
25,ing_audio_for_josh/bcmk_TR/hindi/ch_677501_165.18_169.23.wav,model_H,तो वो क्या फिर जीवाणु फिर वो क्या है उनमें जीव नहीं होता क्या होता है जी,तो वो क्या वो जीवानों फिर वो क्या है उनमें जीव नहीं होता क्या होता है जी,0.1176,0.0,0.1176,True,0
25,ing_audio_for_josh/bcmk_TR/hindi/ch_677501_165.18_169.23.wav,model_i,तो वो क्या फिर जीवाणु फिर वो क्या है उनमें जीव नहीं होता क्या होता है जी,तो वो क्या फिर जीवाणु फिर वो क्या है उनमें जीव नहीं होता क्या होता है? जी।,0.0,0.0,0.0,False,0
25,ing_audio_for_josh/bcmk_TR/hindi/ch_677501_165.18_169.23.wav,model_k,तो वो क्या फिर जीवाणु फिर वो क्या है उनमें जीव नहीं होता क्या होता है जी,"तो वो क्या फिर जीवाणु फिर वो क्या है? उनमें जीव नहीं होता, क्या होता है जी?",0.0,0.0,0.0,False,0
25,ing_audio_for_josh/bcmk_TR/hindi/ch_677501_165.18_169.23.wav,model_l,तो वो क्या फिर जीवाणु फिर वो क्या है उनमें जीव नहीं होता क्या होता है जी,तो वो क्या जीवाणु फिर वो क्या है उनमें जीव नहीं होता है क्या होता है जी,0.1176,0.0,0.1176,True,0
25,ing_audio_for_josh/bcmk_TR/hindi/ch_677501_165.18_169.23.wav,model_m,तो वो क्या फिर जीवाणु फिर वो क्या है उनमें जीव नहीं होता क्या होता है जी,तो वो क्या  जीवाणो फिर वो क्या उनमें जीव नहीं होता  क्या होता है जी,0.1765,0.1176,0.0588,True,0
25,ing_audio_for_josh/bcmk_TR/hindi/ch_677501_165.18_169.23.wav,model_n,तो वो क्या फिर जीवाणु फिर वो क्या है उनमें जीव नहीं होता क्या होता है जी,तो वो क्या पर जीवाणु फिर वो क्या है उनमें जीव नहीं होता क्या होता है जी,0.0588,0.0,0.0588,True,0
26,ing_audio_for_josh/bcmk_TR/hindi/ch_687596_884.16_888.18.wav,model_H,तो एक भारतीय होने के नाते मुझे लगता है इतनी तो इंसानियत सब में होनी चाहिए,तो एक भारतीय होने के नाथ से मुझे लगता है इतनी तो इंसानियत सब में होनी चाहिए,0.125,0.0625,0.0625,True,0
26,ing_audio_for_josh/bcmk_TR/hindi/ch_687596_884.16_888.18.wav,model_i,तो एक भारतीय होने के नाते मुझे लगता है इतनी तो इंसानियत सब में होनी चाहिए,तो एक भारतीय होने के नाते मुझे लगता है इतनी तो इंसानियत सब में होनी चाहिए,0.0,0.0,0.0,False,0
26,ing_audio_for_josh/bcmk_TR/hindi/ch_687596_884.16_888.18.wav,model_k,तो एक भारतीय होने के नाते मुझे लगता है इतनी तो इंसानियत सब में होनी चाहिए,तो एक भारतीय होने के नाते मुझे लगता है इतनी तो इंसानियत सब में होनी चाहिए।,0.0,0.0,0.0,False,0
26,ing_audio_for_josh/bcmk_TR/hindi/ch_687596_884.16_888.18.wav,model_l,तो एक भारतीय होने के नाते मुझे लगता है इतनी तो इंसानियत सब में होनी चाहिए,एक भारतीय होने के नाते मुझे लगता है इतनी तो इंसान है सब में होनी चाहिए,0.1875,0.0,0.1875,True,0
26,ing_audio_for_josh/bcmk_TR/hindi/ch_687596_884.16_888.18.wav,model_m,तो एक भारतीय होने के नाते मुझे लगता है इतनी तो इंसानियत सब में होनी चाहिए,तो एक भारतीय होने के नाते मुझे लगता है इतनी तो इंसानियत सब में होनी चाहिए,0.0,0.0,0.0,False,0
26,ing_audio_for_josh/bcmk_TR/hindi/ch_687596_884.16_888.18.wav,model_n,तो एक भारतीय होने के नाते मुझे लगता है इतनी तो इंसानियत सब में होनी चाहिए,तो एक भारतीय होने के नाते मुझे लगता है इतनी तो इंसानियत सब में होनी चाहिए,0.0,0.0,0.0,False,0
27,ting_audio_for_josh/bcmk_TR/hindi/ch_86623_459.03_465.21.wav,model_H,लाइक रविवार को कॉलेज की भी छुट्टी रहती है तो मैं भी उस दिन सोती रहती हूँ,लाइक रविवार को कॉलेज की भी छुट्टी रहती है तो मैं भी उस दिन सोती रहती हूँ,0.0,0.0,0.0,False,0
27,ting_audio_for_josh/bcmk_TR/hindi/ch_86623_459.03_465.21.wav,model_i,लाइक रविवार को कॉलेज की भी छुट्टी रहती है तो मैं भी उस दिन सोती रहती हूँ,लाइक रविवार को कॉलेज की भी छुट्टी रहती है तो मैं भी उस दिन सोती रहती हूँ,0.0,0.0,0.0,False,0
27,ting_audio_for_josh/bcmk_TR/hindi/ch_86623_459.03_465.21.wav,model_k,लाइक रविवार को कॉलेज की भी छुट्टी रहती है तो मैं भी उस दिन सोती रहती हूँ,"लाइक रविवार को कॉलेज की भी छुट्टी रहती है, तो मैं भी उस दिन सोती रहती हूं।",0.0,0.0,0.0,False,0
27,ting_audio_for_josh/bcmk_TR/hindi/ch_86623_459.03_465.21.wav,model_l,लाइक रविवार को कॉलेज की भी छुट्टी रहती है तो मैं भी उस दिन सोती रहती हूँ,लीके रविवार को कॉलेज की भी छुट्टी रहती है तो मैं भी उस दिन सोती रहती हूं,0.0588,0.0,0.0588,True,0
27,ting_audio_for_josh/bcmk_TR/hindi/ch_86623_459.03_465.21.wav,model_m,लाइक रविवार को कॉलेज की भी छुट्टी रहती है तो मैं भी उस दिन सोती रहती हूँ,लाइक रविवार को कॉलेज की भी छुट्टी रहती है तो मैं भी उस दिन सोती रहती हूं,0.0,0.0,0.0,False,0
27,ting_audio_for_josh/bcmk_TR/hindi/ch_86623_459.03_465.21.wav,model_n,लाइक रविवार को कॉलेज की भी छुट्टी रहती है तो मैं भी उस दिन सोती रहती हूँ,लाइक रविवार को कॉलेज की भी छुट्टी रहती है तो मैं भी उसे दिन सोती रहती हूं,0.0588,0.0,0.0588,True,0
28,ng_audio_for_josh/bcmk_TR/hindi/ch_1630165_819.36_821.07.wav,model_H,तकनीकी युग में क्यों टिके हुए हैं,तकनीकी युग में क्यों टिके हुए हैं,0.0,0.0,0.0,False,0
28,ng_audio_for_josh/bcmk_TR/hindi/ch_1630165_819.36_821.07.wav,model_i,तकनीकी युग में क्यों टिके हुए हैं,तकनीकी युग में क्यों टिके हुए हैं?,0.0,0.0,0.0,False,0
28,ng_audio_for_josh/bcmk_TR/hindi/ch_1630165_819.36_821.07.wav,model_k,तकनीकी युग में क्यों टिके हुए हैं,तकनीकी युग में क्यों टिके हुए हैं?,0.0,0.0,0.0,False,0
28,ng_audio_for_josh/bcmk_TR/hindi/ch_1630165_819.36_821.07.wav,model_l,तकनीकी युग में क्यों टिके हुए हैं,तकनीकी युग में क्यूटी किए हु है,0.4286,0.0,0.4286,True,0
28,ng_audio_for_josh/bcmk_TR/hindi/ch_1630165_819.36_821.07.wav,model_m,तकनीकी युग में क्यों टिके हुए हैं,तकनीकी उग में क्यों टिके वे है,0.2857,0.0,0.2857,True,0
28,ng_audio_for_josh/bcmk_TR/hindi/ch_1630165_819.36_821.07.wav,model_n,तकनीकी युग में क्यों टिके हुए हैं,तकनीकी युग में क्यों टिके में आए,0.2857,0.0,0.2857,True,0
29,ng_audio_for_josh/bcmk_TR/hindi/ch_1696291_166.83_171.84.wav,model_H,प्रयागराज अभी कुंभ मेला लगा था। ना,प्रयागराज अभी कुंभ मेला लगा था ना,0.0,0.0,0.0,False,0
29,ng_audio_for_josh/bcmk_TR/hindi/ch_1696291_166.83_171.84.wav,model_i,प्रयागराज अभी कुंभ मेला लगा था। ना,प्रयागराज अभी कुंभ मेला लगा था ना।,0.0,0.0,0.0,False,0
29,ng_audio_for_josh/bcmk_TR/hindi/ch_1696291_166.83_171.84.wav,model_k,प्रयागराज अभी कुंभ मेला लगा था। ना,प्रयागराज अभी कुंभ मेला लगा था ना?,0.0,0.0,0.0,False,0
29,ng_audio_for_josh/bcmk_TR/hindi/ch_1696291_166.83_171.84.wav,model_l,प्रयागराज अभी कुंभ मेला लगा था। ना,प्रयागराज अभी कुंभ मेला लगा था ना,0.0,0.0,0.0,False,0
29,ng_audio_for_josh/bcmk_TR/hindi/ch_1696291_166.83_171.84.wav,model_m,प्रयागराज अभी कुंभ मेला लगा था। ना,प्र्यागराज अभी कुंब मेला लगा था ना,0.2857,0.0,0.2857,True,0
29,ng_audio_for_josh/bcmk_TR/hindi/ch_1696291_166.83_171.84.wav,model_n,प्रयागराज अभी कुंभ मेला लगा था। ना,प्रयाग राज अभी कुंभ मेला लगा था ना,0.2857,0.1429,0.1429,True,0
30,ing_audio_for_josh/bcmk_TR/hindi/ch_452230_612.90_615.27.wav,model_H,आपका दिन शुभ हो धन्यवाद शुभ रात्रि,आपका दिन शुभ हो धन्यवाद शुभ रात्रि,0.0,0.0,0.0,False,0
30,ing_audio_for_josh/bcmk_TR/hindi/ch_452230_612.90_615.27.wav,model_i,आपका दिन शुभ हो धन्यवाद शुभ रात्रि,"आपका दिन शुभ हो, धन्यवाद, शुभ रात्रि।",0.0,0.0,0.0,False,0
30,ing_audio_for_josh/bcmk_TR/hindi/ch_452230_612.90_615.27.wav,model_k,आपका दिन शुभ हो धन्यवाद शुभ रात्रि,"आपका दिन शुभ हो! धन्यवाद, शुभ रात्रि।",0.0,0.0,0.0,False,0
30,ing_audio_for_josh/bcmk_TR/hindi/ch_452230_612.90_615.27.wav,model_l,आपका दिन शुभ हो धन्यवाद शुभ रात्रि,आपका दिन शुभ हो धन्यवाद शुभरात्रि,0.2857,0.1429,0.1429,True,0
30,ing_audio_for_josh/bcmk_TR/hindi/ch_452230_612.90_615.27.wav,model_m,आपका दिन शुभ हो धन्यवाद शुभ रात्रि,आपका दिन शुब हो धन्यवाद शुब रात्री,0.4286,0.0,0.4286,True,0
30,ing_audio_for_josh/bcmk_TR/hindi/ch_452230_612.90_615.27.wav,model_n,आपका दिन शुभ हो धन्यवाद शुभ रात्रि,आपका दिन शुभ हो धन्यवाद शुभ रात्रि,0.0,0.0,0.0,False,0
31,esting_audio_for_josh/bcmk_TR/hindi/ch_85774_16.68_21.09.wav,model_H,पहाड़ी इलाकों या समुंदर किनारे जैसे बेहतरीन घरों के बारे में बात करना है,पहाड़ी इलाकों या समुद्र किनारे जैसे बेहतरीन घरों के बारे में बात करना है,0.0714,0.0,0.0714,True,0
31,esting_audio_for_josh/bcmk_TR/hindi/ch_85774_16.68_21.09.wav,model_i,पहाड़ी इलाकों या समुंदर किनारे जैसे बेहतरीन घरों के बारे में बात करना है,पहाड़ी इलाकों या समुंदर किनारे जैसे बेहतरीन घरों के बारे में बात करना है।,0.0714,0.0,0.0714,True,0
31,esting_audio_for_josh/bcmk_TR/hindi/ch_85774_16.68_21.09.wav,model_k,पहाड़ी इलाकों या समुंदर किनारे जैसे बेहतरीन घरों के बारे में बात करना है,पहाड़ी इलाकों या समुद्र किनारे जैसे बेहतरीन घरों के बारे में बात करना है।,0.1429,0.0,0.1429,True,0
31,esting_audio_for_josh/bcmk_TR/hindi/ch_85774_16.68_21.09.wav,model_l,पहाड़ी इलाकों या समुंदर किनारे जैसे बेहतरीन घरों के बारे में बात करना है,पहाड़ी इलाकों या समुंद्र किनारे जैसे बेहतरीन घरों के बारे में बात करना है,0.0714,0.0,0.0714,True,0
31,esting_audio_for_josh/bcmk_TR/hindi/ch_85774_16.68_21.09.wav,model_m,पहाड़ी इलाकों या समुंदर किनारे जैसे बेहतरीन घरों के बारे में बात करना है,पहाड़ी इलाकों या समुंदर किनारे जैसे बेहतरीन घरों के बारे में बात करना है,0.0,0.0,0.0,False,0
31,esting_audio_for_josh/bcmk_TR/hindi/ch_85774_16.68_21.09.wav,model_n,पहाड़ी इलाकों या समुंदर किनारे जैसे बेहतरीन घरों के बारे में बात करना है,पहाड़ी इलाकों या समुंदर किनारे जैसे बेहतरीन घरों के बारे में बात करना है,0.0,0.0,0.0,False,0
32,ting_audio_for_josh/bcmk_TR/hindi/ch_88787_386.58_389.37.wav,model_H,दिखाओ वाकई वाकई सही बोल रहे हो,दिखाओ वाकई वाकई सही बोल रहे हो,0.0,0.0,0.0,False,0
32,ting_audio_for_josh/bcmk_TR/hindi/ch_88787_386.58_389.37.wav,model_i,दिखाओ वाकई वाकई सही बोल रहे हो,दिखाओ वाकई वाकई सही बोल रहे हो,0.0,0.0,0.0,False,0
32,ting_audio_for_josh/bcmk_TR/hindi/ch_88787_386.58_389.37.wav,model_k,दिखाओ वाकई वाकई सही बोल रहे हो,"दिखाओ वाकई, वाकई सही बोल रहे हो।",0.0,0.0,0.0,False,0
32,ting_audio_for_josh/bcmk_TR/hindi/ch_88787_386.58_389.37.wav,model_l,दिखाओ वाकई वाकई सही बोल रहे हो,दिखाओ वाकई वाकई सही बोल रहे हो,0.0,0.0,0.0,False,0
32,ting_audio_for_josh/bcmk_TR/hindi/ch_88787_386.58_389.37.wav,model_m,दिखाओ वाकई वाकई सही बोल रहे हो,दिखाओ वाकई वाकई सही बोल  रहहे हो,0.1429,0.0,0.1429,True,0
32,ting_audio_for_josh/bcmk_TR/hindi/ch_88787_386.58_389.37.wav,model_n,दिखाओ वाकई वाकई सही बोल रहे हो,दिखाओ वाकई वाकई सही बोल रहे हो,0.0,0.0,0.0,False,0
33,ng_audio_for_josh/bcmk_TR/hindi/ch_1604702_539.04_545.67.wav,model_H,तो भारत तो एक खुद से ही गिफ्टेड लैंड है तो हमें इसको एक्सप्लोर करना चाहिए देखना ,तो भारत तो एक खुद से ही गिफ्टेड लैंड है तो हमें इसको एक्सप्लोर करना चाहिए देखना ,0.0,0.0,0.0,False,0
33,ng_audio_for_josh/bcmk_TR/hindi/ch_1604702_539.04_545.67.wav,model_i,तो भारत तो एक खुद से ही गिफ्टेड लैंड है तो हमें इसको एक्सप्लोर करना चाहिए देखना ,तो भारत तो एक खुद से ही गिफ्टेड लैंड है तो हमें इसको एक्सप्लोर करना चाहिए देखना ,0.0,0.0,0.0,False,0
33,ng_audio_for_josh/bcmk_TR/hindi/ch_1604702_539.04_545.67.wav,model_k,तो भारत तो एक खुद से ही गिफ्टेड लैंड है तो हमें इसको एक्सप्लोर करना चाहिए देखना ,"तो भारत तो एक खुद से ही गिफ्टेड लैंड है, तो हमें इसको एक्सप्लोर करना चाहिए, देखन",0.0,0.0,0.0,False,0
33,ng_audio_for_josh/bcmk_TR/hindi/ch_1604702_539.04_545.67.wav,model_l,तो भारत तो एक खुद से ही गिफ्टेड लैंड है तो हमें इसको एक्सप्लोर करना चाहिए देखना ,तो भारत तो एक खुद से ही गिफ्टेड लैंड है तो हमें इसको एक्सप्लोर करना चाहिए देखना ,0.0,0.0,0.0,False,0
33,ng_audio_for_josh/bcmk_TR/hindi/ch_1604702_539.04_545.67.wav,model_m,तो भारत तो एक खुद से ही गिफ्टेड लैंड है तो हमें इसको एक्सप्लोर करना चाहिए देखना ,तो भारत तो एक खुद से ही गिफ्टेड लैंड है तो हमें इसको एक्सप्लोर करना चाहिए देखना ,0.0,0.0,0.0,False,0
33,ng_audio_for_josh/bcmk_TR/hindi/ch_1604702_539.04_545.67.wav,model_n,तो भारत तो एक खुद से ही गिफ्टेड लैंड है तो हमें इसको एक्सप्लोर करना चाहिए देखना ,तो भारत तो एक खुद से ही गिफ्टेड लैंड है तो हमें इसको एक्सप्लोर करना चाहिए देखना ,0.0,0.0,0.0,False,0
34,ng_audio_for_josh/bcmk_TR/hindi/ch_1605486_234.45_239.19.wav,model_H,जी उसके बाद भी भाई दूज वगैरह होता है उसमें भी रिश्तेदार आते हैं बहनें आती हैं मे,जी उसके बाद भी भाई दूज वगैरह होता है उसमें भी रिश्तेदार आते हैं बहनें आती हैं मे,0.0,0.0,0.0,False,0
34,ng_audio_for_josh/bcmk_TR/hindi/ch_1605486_234.45_239.19.wav,model_i,जी उसके बाद भी भाई दूज वगैरह होता है उसमें भी रिश्तेदार आते हैं बहनें आती हैं मे,जी उसके बाद भी भाई दूज वगैरह होता है उसमें भी रिश्तेदार आते हैं बहनें आती हैं मे,0.0,0.0,0.0,False,0
34,ng_audio_for_josh/bcmk_TR/hindi/ch_1605486_234.45_239.19.wav,model_k,जी उसके बाद भी भाई दूज वगैरह होता है उसमें भी रिश्तेदार आते हैं बहनें आती हैं मे,"ये उसके बाद भी भाई दूज वगैरा होता है, उसमें भी रिश्तेदार आते हैं, बहनें आती हैं ",0.1111,0.0,0.1111,True,0
34,ng_audio_for_josh/bcmk_TR/hindi/ch_1605486_234.45_239.19.wav,model_l,जी उसके बाद भी भाई दूज वगैरह होता है उसमें भी रिश्तेदार आते हैं बहनें आती हैं मे,जी उसके बाद भी भाई दूज वगैरह होता है उसमें भी रिश्तेदार आते हैं बहने आती है मेरी,0.0556,0.0,0.0556,True,0
34,ng_audio_for_josh/bcmk_TR/hindi/ch_1605486_234.45_239.19.wav,model_m,जी उसके बाद भी भाई दूज वगैरह होता है उसमें भी रिश्तेदार आते हैं बहनें आती हैं मे,यी उसके बाद भी भाई दूझ वगैरह होता है उसमें भी रिसलर आते हैं बहनें आती हैं मेरी,0.1667,0.0,0.1667,True,0
34,ng_audio_for_josh/bcmk_TR/hindi/ch_1605486_234.45_239.19.wav,model_n,जी उसके बाद भी भाई दूज वगैरह होता है उसमें भी रिश्तेदार आते हैं बहनें आती हैं मे,की उसके बाद भी भाई दूज वगैरह होता है उसमें भी रिश्तेदार आते हैं बहनें आती है मेर,0.0556,0.0,0.0556,True,0
35,ting_audio_for_josh/bcmk_TR/hindi/ch_1673210_71.10_80.43.wav,model_H,कौन सी एक पहचान स्वाद या ध्वनि तुरंत आपको बचपन की यादों में ले जाती है क्या बताए,कौन सी एक पहचान स्वाद या ध्वनि तुरंत आपको बचपन की यादों में ले जाती है क्या बताए,0.0,0.0,0.0,False,0
35,ting_audio_for_josh/bcmk_TR/hindi/ch_1673210_71.10_80.43.wav,model_i,कौन सी एक पहचान स्वाद या ध्वनि तुरंत आपको बचपन की यादों में ले जाती है क्या बताए,कौन सी एक पहचान स्वाद या ध्वनि तुरंत आपको बचपन की यादों में ले जाती है क्या बताए,0.0,0.0,0.0,False,0
35,ting_audio_for_josh/bcmk_TR/hindi/ch_1673210_71.10_80.43.wav,model_k,कौन सी एक पहचान स्वाद या ध्वनि तुरंत आपको बचपन की यादों में ले जाती है क्या बताए,"कौन सी एक पहचान, स्वाद या ध्वनि तुरंत आपको बचपन की यादों में ले जाती है? क्या बत",0.0556,0.0,0.0556,True,0
35,ting_audio_for_josh/bcmk_TR/hindi/ch_1673210_71.10_80.43.wav,model_l,कौन सी एक पहचान स्वाद या ध्वनि तुरंत आपको बचपन की यादों में ले जाती है क्या बताए,कौन सी एक पहचान स्वाद या ध्वनि तुरंत आपको बचपन की यादों में ले जाती है क्या आप ब,0.0556,0.0556,0.0,False,0
35,ting_audio_for_josh/bcmk_TR/hindi/ch_1673210_71.10_80.43.wav,model_m,कौन सी एक पहचान स्वाद या ध्वनि तुरंत आपको बचपन की यादों में ले जाती है क्या बताए,कौन सी एक पहचान स्वाद या ध्वनि तुरंत आपको बचपन की यादों में ली जाती है क्ा बताएं,0.1111,0.0,0.1111,True,0
35,ting_audio_for_josh/bcmk_TR/hindi/ch_1673210_71.10_80.43.wav,model_n,कौन सी एक पहचान स्वाद या ध्वनि तुरंत आपको बचपन की यादों में ले जाती है क्या बताए,कौन सी एक पहचान स्वाद या ध्वनि तुरंत आपको बचपन की यादों में ले जाती है क्या बताए,0.0556,0.0,0.0556,True,0
36,ng_audio_for_josh/bcmk_TR/hindi/ch_1596221_153.00_164.31.wav,model_H,मेरे भाई बहनों के साथ मैं खेलता था हम एक चबूतरे पर बैठे रहते थे बचपन में,मेरे भाई बहनों के साथ में खेलता था हम एक जब उतरे पे बैठे रहते थे बचपन में,0.2353,0.0588,0.1765,True,1
36,ng_audio_for_josh/bcmk_TR/hindi/ch_1596221_153.00_164.31.wav,model_i,मेरे भाई बहनों के साथ मैं खेलता था हम एक चबूतरे पर बैठे रहते थे बचपन में,"मेरे भाई बहनों के साथ मैं खेलता था, हम एक चबूतरे पर बैठे रहते थे बचपन में।",0.0,0.0,0.0,False,1
36,ng_audio_for_josh/bcmk_TR/hindi/ch_1596221_153.00_164.31.wav,model_k,मेरे भाई बहनों के साथ मैं खेलता था हम एक चबूतरे पर बैठे रहते थे बचपन में,"और लोगों का वर्णन कीजिए, जिसके साथ आप खेल खेलते हैं। मेरे भाई बहनों के साथ मैं ख",0.6471,0.6471,0.0,False,1
36,ng_audio_for_josh/bcmk_TR/hindi/ch_1596221_153.00_164.31.wav,model_l,मेरे भाई बहनों के साथ मैं खेलता था हम एक चबूतरे पर बैठे रहते थे बचपन में,मेरे भाई बहनों के साथ में खेलता था हम एक चबूतरे पे बैठे रहते थे बचपन में,0.1176,0.0,0.1176,True,1
36,ng_audio_for_josh/bcmk_TR/hindi/ch_1596221_153.00_164.31.wav,model_m,मेरे भाई बहनों के साथ मैं खेलता था हम एक चबूतरे पर बैठे रहते थे बचपन में,मेरे भाई-बहनों के साथ में खेलता था हम एक चबूतरे पर बैठे रहते थे बचपन में,0.0588,0.0,0.0588,True,1
36,ng_audio_for_josh/bcmk_TR/hindi/ch_1596221_153.00_164.31.wav,model_n,मेरे भाई बहनों के साथ मैं खेलता था हम एक चबूतरे पर बैठे रहते थे बचपन में,मेरे भाई बहनों के साथ मैं खेलता था हम एक चबूतरे पर बैठे रहते थे बचपन में,0.0,0.0,0.0,False,1
37,ng_audio_for_josh/bcmk_TR/hindi/ch_1616491_921.99_932.91.wav,model_H,क्योंकि मूंग की दाल पौष्टिक रहती है तो खाने की बोलते हैं तो वो मूंग की दाल में इ,क्योंकि मूंग की दाल पौष्टिक रहती है तो खाने की बोलते हैं तो वो मूंग की दाल में इ,0.0,0.0,0.0,False,0
37,ng_audio_for_josh/bcmk_TR/hindi/ch_1616491_921.99_932.91.wav,model_i,क्योंकि मूंग की दाल पौष्टिक रहती है तो खाने की बोलते हैं तो वो मूंग की दाल में इ,क्योंकि मूंग की दाल पौष्टिक रहती है तो खाने की बोलते हैं तो वो मूंग की दाल में इ,0.0,0.0,0.0,False,0
37,ng_audio_for_josh/bcmk_TR/hindi/ch_1616491_921.99_932.91.wav,model_k,क्योंकि मूंग की दाल पौष्टिक रहती है तो खाने की बोलते हैं तो वो मूंग की दाल में इ,क्योंकि मूंग की दाल पौष्टिक रहती है तो खाने की बोलते हैं तो वो मूंग की दाल में इ,0.0,0.0,0.0,False,0
37,ng_audio_for_josh/bcmk_TR/hindi/ch_1616491_921.99_932.91.wav,model_l,क्योंकि मूंग की दाल पौष्टिक रहती है तो खाने की बोलते हैं तो वो मूंग की दाल में इ,क्योंकि मूंग की दाल पौष्टिक रहती है तो खाने की बोलते हैं तो वो मूंग की दाल में इ,0.0,0.0,0.0,False,0
37,ng_audio_for_josh/bcmk_TR/hindi/ch_1616491_921.99_932.91.wav,model_m,क्योंकि मूंग की दाल पौष्टिक रहती है तो खाने की बोलते हैं तो वो मूंग की दाल में इ,क्योंकि मूंग की दाल पोष्टिक रहती है तो खाने की बोलते हैं तो वो मूंग की दाल में इ,0.0811,0.0,0.0811,True,0
37,ng_audio_for_josh/bcmk_TR/hindi/ch_1616491_921.99_932.91.wav,model_n,क्योंकि मूंग की दाल पौष्टिक रहती है तो खाने की बोलते हैं तो वो मूंग की दाल में इ,क्योंकि मुंह की दाल पौष्टिक रहती है तो खाने की बोलते हैं तो वह मुंह की दाल में इ,0.1081,0.0,0.1081,True,0
38,ng_audio_for_josh/bcmk_TR/hindi/ch_1613818_192.42_205.77.wav,model_H,शहरी जीवन बीमा बनाम छोटे शहर का जीवन आपके शहर या कस्बे के माहौल में बड़े होने से,शहरी जीवन बीमा बनाम छोटे शहर का जीवन आपके शहर या कस्बे के माहौल में बड़े होने से,0.0,0.0,0.0,False,0
38,ng_audio_for_josh/bcmk_TR/hindi/ch_1613818_192.42_205.77.wav,model_i,शहरी जीवन बीमा बनाम छोटे शहर का जीवन आपके शहर या कस्बे के माहौल में बड़े होने से,शहरी जीवन बीमा बनाम छोटे शहर का जीवन आपके शहर या कस्बे के माहौल में बड़े होने से,0.0,0.0,0.0,False,0
38,ng_audio_for_josh/bcmk_TR/hindi/ch_1613818_192.42_205.77.wav,model_k,शहरी जीवन बीमा बनाम छोटे शहर का जीवन आपके शहर या कस्बे के माहौल में बड़े होने से,शहरी जीवन बीमा बनाम छोटे शहर का जीवन। आपके शहर या कस्बे के माहौल में बड़े होने स,0.0,0.0,0.0,False,0
38,ng_audio_for_josh/bcmk_TR/hindi/ch_1613818_192.42_205.77.wav,model_l,शहरी जीवन बीमा बनाम छोटे शहर का जीवन आपके शहर या कस्बे के माहौल में बड़े होने से,शहरी जीवन बीमा बनाम छोटे शहर का जीवन आपके शहर या कस्बे के माहौल में बड़े होने से,0.0,0.0,0.0,False,0
38,ng_audio_for_josh/bcmk_TR/hindi/ch_1613818_192.42_205.77.wav,model_m,शहरी जीवन बीमा बनाम छोटे शहर का जीवन आपके शहर या कस्बे के माहौल में बड़े होने से,शहरी जीवन बीमा बनाम छोटे शहर का जीवन आपके शहर या कसबे के माहौल में बड़े होने से ,0.0526,0.0,0.0526,True,0
38,ng_audio_for_josh/bcmk_TR/hindi/ch_1613818_192.42_205.77.wav,model_n,शहरी जीवन बीमा बनाम छोटे शहर का जीवन आपके शहर या कस्बे के माहौल में बड़े होने से,शहरी जीवन बीमा बनाम छोटे शहर का जीवन आपके शहर या कसबे के माहौल में बड़े होने से ,0.0526,0.0,0.0526,True,0
39,ting_audio_for_josh/bcmk_TR/hindi/ch_16197_140.52_148.50.wav,model_H,हाँ नहीं तो पहले डेस्कटॉप था ना बाद में लैपटॉप आया लैपटॉप ने इजी आसान बना दिया ह,हाँ नहीं तो पहले डेस्कटॉप था ना बाद में लैपटॉप आया लैपटॉप ने इजी आसान बना दिया ह,0.0,0.0,0.0,False,0
39,ting_audio_for_josh/bcmk_TR/hindi/ch_16197_140.52_148.50.wav,model_i,हाँ नहीं तो पहले डेस्कटॉप था ना बाद में लैपटॉप आया लैपटॉप ने इजी आसान बना दिया ह,हाँ नहीं तो पहले डेस्कटॉप था ना बाद में लैपटॉप आया लैपटॉप ने इजी आसान बना दिया ह,0.0,0.0,0.0,False,0
39,ting_audio_for_josh/bcmk_TR/hindi/ch_16197_140.52_148.50.wav,model_k,हाँ नहीं तो पहले डेस्कटॉप था ना बाद में लैपटॉप आया लैपटॉप ने इजी आसान बना दिया ह,"हाँ! नहीं तो पहले desktop था ना, बाद में laptop आया। laptop ने easy आसान बना दिय",0.2105,0.0,0.2105,True,0
39,ting_audio_for_josh/bcmk_TR/hindi/ch_16197_140.52_148.50.wav,model_l,हाँ नहीं तो पहले डेस्कटॉप था ना बाद में लैपटॉप आया लैपटॉप ने इजी आसान बना दिया ह,हां नहीं तो पहले डेस्कटॉप था ना बाद में लैपटॉप आया लैपटॉप ने ईसी आसान बना दिया ह,0.1053,0.0,0.1053,True,0
39,ting_audio_for_josh/bcmk_TR/hindi/ch_16197_140.52_148.50.wav,model_m,हाँ नहीं तो पहले डेस्कटॉप था ना बाद में लैपटॉप आया लैपटॉप ने इजी आसान बना दिया ह,हां नहीं तो पहले डेस्कटॉप था ना बाद में लैपटॉप आया लैपटॉप ने इजी आसान बना दिया ह,0.0526,0.0,0.0526,True,0
39,ting_audio_for_josh/bcmk_TR/hindi/ch_16197_140.52_148.50.wav,model_n,हाँ नहीं तो पहले डेस्कटॉप था ना बाद में लैपटॉप आया लैपटॉप ने इजी आसान बना दिया ह,हां नहीं तो पहले डेस्कटॉप था ना बाद में लैपटॉप आया लैपटॉप ने इसी आसान बना दिया ह,0.1579,0.0,0.1579,True,0
40,_audio_for_josh/bcmk_TR/hindi/ch_1630690_1023.81_1031.46.wav,model_H,अब इसमें लिखा है आपकी मदद करने की प्रवृत्ति को सबसे ज़्यादा कौन सी आंतरिक मूल्य ,अब इसमें लिखा है आपकी मदद करने की प्रवृत्ति को सबसे ज़्यादा कौन सी आंतरिक मूल्य ,0.0,0.0,0.0,False,1
40,_audio_for_josh/bcmk_TR/hindi/ch_1630690_1023.81_1031.46.wav,model_i,अब इसमें लिखा है आपकी मदद करने की प्रवृत्ति को सबसे ज़्यादा कौन सी आंतरिक मूल्य ,अब इसमें लिखा है आपकी मदद करने की प्रवृत्ति को सबसे ज़्यादा कौन सी आंतरिक मूल्य ,0.0,0.0,0.0,False,1
40,_audio_for_josh/bcmk_TR/hindi/ch_1630690_1023.81_1031.46.wav,model_k,अब इसमें लिखा है आपकी मदद करने की प्रवृत्ति को सबसे ज़्यादा कौन सी आंतरिक मूल्य ,"अब इसमें लिखा है, आपकी मदद करने की प्रवृत्ति को सबसे ज्यादा कौन सी आंतरिक मूल्य ",0.0526,0.0,0.0526,True,1
40,_audio_for_josh/bcmk_TR/hindi/ch_1630690_1023.81_1031.46.wav,model_l,अब इसमें लिखा है आपकी मदद करने की प्रवृत्ति को सबसे ज़्यादा कौन सी आंतरिक मूल्य ,अब इसमें लिखा है आपकी मदद करने की प्रवृति को सबसे ज्यादा कौन सी यांत्रिक मूल्य प,0.1579,0.0,0.1579,True,1
40,_audio_for_josh/bcmk_TR/hindi/ch_1630690_1023.81_1031.46.wav,model_m,अब इसमें लिखा है आपकी मदद करने की प्रवृत्ति को सबसे ज़्यादा कौन सी आंतरिक मूल्य ,अब इसमें लिखा है आपकी मदद करने की प्रवरति को सबसे ज्यादा कौन सी यांतरिक मूल्य प्,0.1579,0.0,0.1579,True,1
40,_audio_for_josh/bcmk_TR/hindi/ch_1630690_1023.81_1031.46.wav,model_n,अब इसमें लिखा है आपकी मदद करने की प्रवृत्ति को सबसे ज़्यादा कौन सी आंतरिक मूल्य ,अब इसमें लिखा है आपकी मदद करने की प्रवृत्ति को सबसे ज्यादा कौन सी आंतरिक मूल्य प,0.0526,0.0,0.0526,True,1
41,ng_audio_for_josh/bcmk_TR/hindi/ch_1732616_196.77_205.11.wav,model_H,मुझे म्यूजिक सुनना पसंद है गाना भी पसंद है एक्चुअली और डांसिंग तो पैशन है मेरा ब,मुझे म्यूजिक सुनना पसंद है गाना भी पसंद है एक्चुअली और डांसिंग तो पैशन है मेरा ब,0.0,0.0,0.0,False,0
41,ng_audio_for_josh/bcmk_TR/hindi/ch_1732616_196.77_205.11.wav,model_i,मुझे म्यूजिक सुनना पसंद है गाना भी पसंद है एक्चुअली और डांसिंग तो पैशन है मेरा ब,मुझे म्यूजिक सुनना पसंद है गाना भी पसंद है एक्चुअली और डांसिंग तो पैशन है मेरा ब,0.0,0.0,0.0,False,0
41,ng_audio_for_josh/bcmk_TR/hindi/ch_1732616_196.77_205.11.wav,model_k,मुझे म्यूजिक सुनना पसंद है गाना भी पसंद है एक्चुअली और डांसिंग तो पैशन है मेरा ब,"मुझे म्यूजिक सुनना पसंद है, गाना भी पसंद है एक्चुअली और डांसिंग तो पैशन है मेरा,",0.0,0.0,0.0,False,0
41,ng_audio_for_josh/bcmk_TR/hindi/ch_1732616_196.77_205.11.wav,model_l,मुझे म्यूजिक सुनना पसंद है गाना भी पसंद है एक्चुअली और डांसिंग तो पैशन है मेरा ब,मुझे म्यूज़िक सुनना पसंद है गाना भी पसंद है एक्चुअली और डांसिंग तो पैशन है मेरा ,0.0526,0.0,0.0526,True,0
41,ng_audio_for_josh/bcmk_TR/hindi/ch_1732616_196.77_205.11.wav,model_m,मुझे म्यूजिक सुनना पसंद है गाना भी पसंद है एक्चुअली और डांसिंग तो पैशन है मेरा ब,मुझे म्यूजिक सुनना पसंद है गाना भी पसंद है एक्चुअली और दांसिंग तो पैशन है मेरा ब,0.0526,0.0,0.0526,True,0
41,ng_audio_for_josh/bcmk_TR/hindi/ch_1732616_196.77_205.11.wav,model_n,मुझे म्यूजिक सुनना पसंद है गाना भी पसंद है एक्चुअली और डांसिंग तो पैशन है मेरा ब,मुझे म्यूजिक सुनना पसंद है गाना भी पसंद है एक्चुअली और डांसिंग तो पैशन है मेरा ब,0.0,0.0,0.0,False,0
42,ting_audio_for_josh/bcmk_TR/hindi/ch_2055669_44.43_55.50.wav,model_H,वहाँ पर बहुत रंग बिरंगी फूल रहता है झूला रहता है वहाँ पर बहुत चीज़ें खेलने को मि,वहाँ पर बहुत रंग बिरंगी फूल रहता है झूला रहता है वहाँ पर बहुत चीज़ें खेलने को मि,0.0,0.0,0.0,False,0
42,ting_audio_for_josh/bcmk_TR/hindi/ch_2055669_44.43_55.50.wav,model_i,वहाँ पर बहुत रंग बिरंगी फूल रहता है झूला रहता है वहाँ पर बहुत चीज़ें खेलने को मि,"वहाँ पर बहुत रंग बिरंगी फूल रहता है, झूला रहता है, वहाँ पर बहुत चीज़ें खेलने को ",0.0,0.0,0.0,False,0
42,ting_audio_for_josh/bcmk_TR/hindi/ch_2055669_44.43_55.50.wav,model_k,वहाँ पर बहुत रंग बिरंगी फूल रहता है झूला रहता है वहाँ पर बहुत चीज़ें खेलने को मि,"वहां पर बहुत रंग-बिरंगी फूल रहता है, झूला रहता है, वहां पर बहुत चीजें खेलने को म",0.1579,0.0,0.1579,True,0
42,ting_audio_for_josh/bcmk_TR/hindi/ch_2055669_44.43_55.50.wav,model_l,वहाँ पर बहुत रंग बिरंगी फूल रहता है झूला रहता है वहाँ पर बहुत चीज़ें खेलने को मि,वहाँ पर बहुत रंग बिरंगी फूल रहता है झूला रहता है वहाँ पर बहुत चीज़ें खेलने को मि,0.0,0.0,0.0,False,0
42,ting_audio_for_josh/bcmk_TR/hindi/ch_2055669_44.43_55.50.wav,model_m,वहाँ पर बहुत रंग बिरंगी फूल रहता है झूला रहता है वहाँ पर बहुत चीज़ें खेलने को मि,वहां पर बहुत रंग बिरंगी फूल रहता है झूला रहता हैं वहां पर बहुत चीजें खेनने को मि,0.2105,0.0,0.2105,True,0
42,ting_audio_for_josh/bcmk_TR/hindi/ch_2055669_44.43_55.50.wav,model_n,वहाँ पर बहुत रंग बिरंगी फूल रहता है झूला रहता है वहाँ पर बहुत चीज़ें खेलने को मि,वहां पर बहुत रंग बिरंगी फूल रहता है जूला रहता है वहां पर बहुत चीज खेलने को मिलती,0.2105,0.0,0.2105,True,0
43,ting_audio_for_josh/bcmk_TR/hindi/ch_13457_121.08_125.85.wav,model_H,एक मेरा काम नहीं है निकलवाना लेकिन मेरे पास पता चला मुझे,ठीक मेरा काम नहीं है निकलवाना लेकिन मेरे पास पता चला मुझे,0.0833,0.0,0.0833,True,1
43,ting_audio_for_josh/bcmk_TR/hindi/ch_13457_121.08_125.85.wav,model_i,एक मेरा काम नहीं है निकलवाना लेकिन मेरे पास पता चला मुझे,एक मेरा काम नहीं है निकलवाना लेकिन मेरे पास पता चला मुझे,0.0,0.0,0.0,False,1
43,ting_audio_for_josh/bcmk_TR/hindi/ch_13457_121.08_125.85.wav,model_k,एक मेरा काम नहीं है निकलवाना लेकिन मेरे पास पता चला मुझे,"ठीक! मेरा काम नहीं है निकलवाना, लेकिन मेरे पास पता चला मुझे।",0.0833,0.0,0.0833,True,1
43,ting_audio_for_josh/bcmk_TR/hindi/ch_13457_121.08_125.85.wav,model_l,एक मेरा काम नहीं है निकलवाना लेकिन मेरे पास पता चला मुझे,एक मेरा काम नहीं है निकलवाना लेकिन मेरे पास पता चला मुझे,0.0,0.0,0.0,False,1
43,ting_audio_for_josh/bcmk_TR/hindi/ch_13457_121.08_125.85.wav,model_m,एक मेरा काम नहीं है निकलवाना लेकिन मेरे पास पता चला मुझे,ठीक मेरा काम नहीं है निकलवाना लेकिन मेरे पास पता चला मुझे,0.0833,0.0,0.0833,True,1
43,ting_audio_for_josh/bcmk_TR/hindi/ch_13457_121.08_125.85.wav,model_n,एक मेरा काम नहीं है निकलवाना लेकिन मेरे पास पता चला मुझे,ठीक मेरा कम नहीं है निकलवाना लेकिन मेरे पास पता चला मुझे,0.1667,0.0,0.1667,True,1
44,ng_audio_for_josh/bcmk_TR/hindi/ch_1545124_753.21_762.48.wav,model_H,चलो भगवान ने बचा लिया कुछ बड़ा नहीं हुआ चलो इतने से ही मतलब जो हमारे ऊपर कुछ थी ,चलो भगवान ने बचा लिया कुछ बड़ा नहीं हुआ चलो इतने से ही मतलब जो हमारे ऊपर कुछ थी ,0.0,0.0,0.0,False,0
44,ng_audio_for_josh/bcmk_TR/hindi/ch_1545124_753.21_762.48.wav,model_i,चलो भगवान ने बचा लिया कुछ बड़ा नहीं हुआ चलो इतने से ही मतलब जो हमारे ऊपर कुछ थी ,"चलो भगवान ने बचा लिया, कुछ बड़ा नहीं हुआ। चलो इतने से ही मतलब जो हमारे ऊपर कुछ थी",0.0417,0.0,0.0417,True,0
44,ng_audio_for_josh/bcmk_TR/hindi/ch_1545124_753.21_762.48.wav,model_k,चलो भगवान ने बचा लिया कुछ बड़ा नहीं हुआ चलो इतने से ही मतलब जो हमारे ऊपर कुछ थी ,"चलो भगवान ने बचा लिया, कुछ बड़ा नहीं हुआ। चलो इतने से ही मतलब जो हमारे ऊपर कुछ थ",0.0,0.0,0.0,False,0
44,ng_audio_for_josh/bcmk_TR/hindi/ch_1545124_753.21_762.48.wav,model_l,चलो भगवान ने बचा लिया कुछ बड़ा नहीं हुआ चलो इतने से ही मतलब जो हमारे ऊपर कुछ थी ,चलो भगवान ने बचा लिया कुछ बड़ा नहीं हुआ चलो इतने से ही मतलब जो हमारे ऊपर कुछ थी ,0.0,0.0,0.0,False,0
44,ng_audio_for_josh/bcmk_TR/hindi/ch_1545124_753.21_762.48.wav,model_m,चलो भगवान ने बचा लिया कुछ बड़ा नहीं हुआ चलो इतने से ही मतलब जो हमारे ऊपर कुछ थी ,चलो भगवान ने बचा लिया कुछ बड़ा नहीं हुआ चलो इतने सेही मतलब जो हमारे ऊपर कुछ थी व,0.0833,0.0417,0.0417,True,0
44,ng_audio_for_josh/bcmk_TR/hindi/ch_1545124_753.21_762.48.wav,model_n,चलो भगवान ने बचा लिया कुछ बड़ा नहीं हुआ चलो इतने से ही मतलब जो हमारे ऊपर कुछ थी ,चलो भगवान ने बचा लिया कुछ बड़ा नहीं हुआ चलो इतने से ही मतलब जो हमारे पर कुछ थी व,0.125,0.0,0.125,True,0
45,ng_audio_for_josh/bcmk_TR/hindi/ch_1545318_552.15_557.22.wav,model_H,मेहनत तो कहीं व्यर्थ नहीं जाता है देर से ही आता है,मेहनत तो कहीं व्यर्थ नहीं जाता है देर से ही आता है,0.0,0.0,0.0,False,0
45,ng_audio_for_josh/bcmk_TR/hindi/ch_1545318_552.15_557.22.wav,model_i,मेहनत तो कहीं व्यर्थ नहीं जाता है देर से ही आता है,"मेहनत तो कहीं व्यर्थ नहीं जाता है, देर से ही आता है।",0.0,0.0,0.0,False,0
45,ng_audio_for_josh/bcmk_TR/hindi/ch_1545318_552.15_557.22.wav,model_k,मेहनत तो कहीं व्यर्थ नहीं जाता है देर से ही आता है,"मेहनत तो कहीं व्यर्थ नहीं जाता है, देर से ही आता है।",0.0,0.0,0.0,False,0
45,ng_audio_for_josh/bcmk_TR/hindi/ch_1545318_552.15_557.22.wav,model_l,मेहनत तो कहीं व्यर्थ नहीं जाता है देर से ही आता है,मेहनत तो कहीं व्यर्थ नहीं जाता है देर से ही आता है,0.0,0.0,0.0,False,0
45,ng_audio_for_josh/bcmk_TR/hindi/ch_1545318_552.15_557.22.wav,model_m,मेहनत तो कहीं व्यर्थ नहीं जाता है देर से ही आता है,मेحنت تو कही بیथ نी जاतا हے देर से ही आतا ے,0.75,0.0,0.75,True,0
45,ng_audio_for_josh/bcmk_TR/hindi/ch_1545318_552.15_557.22.wav,model_n,मेहनत तो कहीं व्यर्थ नहीं जाता है देर से ही आता है,मेहनत तो कहीं व्यर्थ नहीं जाता है देश से ही आता है,0.0833,0.0,0.0833,True,0
